corner,case,seed,status,gc0,gr0,p0o0,p0o1,gc1,gr1,p1o0,p1o1,qdd,vdd_fj
ff,exact,101,correct,0.5760426,0.5526711,0.03094274,0.9946972,0.5645214,0.5438614,1.129956,0.01984952,-5.96488e-14,107.36784
ff,exact,202,correct,0.5768563,0.5524909,0.02022223,1.022491,0.5657431,0.5431825,1.117412,0.02079606,-5.85939e-14,105.46902
ff,exact,303,correct,0.5765712,0.5513775,0.03906823,0.9851396,0.5649928,0.5425921,1.101125,0.02280745,-5.97387e-14,107.52966
ff,exact,404,correct,0.576664,0.5528919,0.02336376,1.035441,0.5655223,0.5436019,1.185081,0.01774617,-5.86855e-14,105.6339
ff,partial,101,correct,0.5314725,0.5523547,1.151938,0.02069856,0.5229646,0.5418813,0.01843785,1.278919,-6.60597e-14,118.90746
ff,partial,202,correct,0.531993,0.5516995,1.121813,0.02159246,0.5236373,0.5411461,0.02683319,1.088208,-6.68543e-14,120.33774
ff,partial,303,correct,0.5314365,0.5519372,1.163386,0.01959614,0.5229863,0.5414738,0.01897523,1.267219,-6.61041e-14,118.98738
ff,partial,404,correct,0.5308241,0.5514013,1.05963,0.02616903,0.5225075,0.540808,0.01998316,1.199016,-6.49288e-14,116.87184
ss,exact,101,correct,0.5785401,0.5565328,0.2948877,1.180946,0.567681,0.5482647,1.248891,0.1181545,-6.6111e-14,118.9998
ss,exact,202,correct,0.5810127,0.5538472,0.1500974,1.175997,0.5707159,0.545277,1.182727,0.1984842,-6.67126e-14,120.08268
ss,exact,303,correct,0.5794571,0.5543577,0.2623514,1.135662,0.5686178,0.5460196,1.204328,0.156937,-6.48095e-14,116.6571
ss,exact,404,correct,0.5764334,0.5572226,0.1371442,1.183012,0.5655748,0.5487527,1.188636,0.1853856,-6.50072e-14,117.01296
ss,partial,101,correct,0.5262082,0.5580356,1.223856,0.1661642,0.5188067,0.5486061,0.1287073,1.302471,-7.40127e-14,133.22286
ss,partial,202,correct,0.5255773,0.5538689,1.277576,0.09381814,0.5180484,0.5440927,0.07008698,1.384565,-7.36551e-14,132.57918
ss,partial,303,correct,0.524224,0.5561304,1.187402,0.2078843,0.5167641,0.5464978,0.174799,1.206099,-7.17611e-14,129.16998
ss,partial,404,correct,0.5261056,0.5559383,1.237502,0.1216966,0.5186792,0.5464401,0.08925112,1.278155,-7.26877e-14,130.83786
tt,exact,101,correct,0.5819881,0.5561775,0.04201665,1.109832,0.5722306,0.5480819,1.201593,0.03301282,-6.4232e-14,115.6176
tt,exact,202,correct,0.5828107,0.5572258,0.03079718,1.185947,0.5732955,0.5490253,1.22872,0.03117838,-6.56692e-14,118.20456
tt,exact,303,correct,0.5822503,0.5565318,0.05173242,1.083821,0.5723575,0.5485556,1.137237,0.05357091,-6.31618e-14,113.69124
tt,exact,404,correct,0.5824157,0.5578305,0.04150831,1.131736,0.5727216,0.5497043,1.164958,0.03861773,-6.51235e-14,117.2223
tt,partial,101,correct,0.5344299,0.5578248,1.264375,0.03116186,0.5267929,0.5485879,0.0283166,1.364972,-7.1048e-14,127.8864
tt,partial,202,correct,0.5351122,0.5565304,1.300397,0.02671514,0.5272943,0.5475563,0.1926172,1.059298,-7.11453e-14,128.06154
tt,partial,303,correct,0.5352333,0.5562022,1.099896,0.08108956,0.5278157,0.5470341,0.02855953,1.360136,-7.11225e-14,128.0205
tt,partial,404,correct,0.5344171,0.556813,1.243015,0.03318873,0.5269949,0.5475516,0.03056916,1.284818,-7.0768e-14,127.3824
ff,exact,505,correct,0.5768633,0.5530678,0.03649169,0.9528622,0.565562,0.5440016,1.090111,0.022525,-5.78911e-14,104.20398
ff,exact,606,correct,0.5770879,0.5525584,0.03227701,0.9866595,0.5656711,0.5435744,1.114011,0.0216924,-5.92794e-14,106.70292
ff,exact,707,correct,0.5763967,0.552574,0.01818231,1.087352,0.5653818,0.5432075,1.087207,0.01964016,-5.84475e-14,105.2055
ff,exact,808,correct,0.576271,0.5518255,0.0219224,1.017657,0.5649294,0.5426663,1.112885,0.02131306,-6.01907e-14,108.34326
ff,partial,505,correct,0.5313502,0.5518417,1.162613,0.02010989,0.5228666,0.5414204,0.0218049,1.19439,-6.63893e-14,119.50074
ff,partial,606,correct,0.5312455,0.5513755,1.124028,0.02146472,0.5228955,0.5408338,0.02250624,1.186249,-6.5397e-14,117.7146
ff,partial,707,correct,0.5301721,0.5512955,1.196073,0.01804524,0.5216123,0.540944,0.02031097,1.216084,-6.56119e-14,118.10142
ff,partial,808,correct,0.5311645,0.5525315,1.217667,0.01659434,0.5224616,0.5423546,0.01841939,1.26211,-6.59382e-14,118.68876
ss,exact,505,correct,0.5830166,0.5576538,0.1844693,1.181348,0.5729479,0.5497114,1.167996,0.2380567,-6.74984e-14,121.49712
ss,exact,606,correct,0.5838873,0.5570754,0.3424682,1.134799,0.5740787,0.5490425,1.180441,0.3329469,-6.77454e-14,121.94172
ss,exact,707,correct,0.5815918,0.5560847,0.1172339,1.193481,0.5713633,0.5477042,1.219426,0.141486,-6.6442e-14,119.5956
ss,exact,808,correct,0.5825262,0.5568534,0.1505755,1.179322,0.5722378,0.548637,1.154862,0.3616241,-6.7455e-14,121.419
tt,exact,505,correct,0.5815443,0.5575085,0.1192015,1.045386,0.5716019,0.5496885,1.147538,0.04172339,-6.35645e-14,114.4161
tt,exact,606,correct,0.5821074,0.5572935,0.07562689,1.061089,0.5721951,0.5493233,1.227512,0.03367522,-6.49795e-14,116.9631
tt,exact,707,correct,0.582231,0.5575162,0.03602249,1.126516,0.5724374,0.5495251,1.271569,0.02883512,-6.54765e-14,117.8577
tt,exact,808,correct,0.5823413,0.5575393,0.06934203,1.084534,0.57254,0.549513,1.127009,0.04942643,-6.46134e-14,116.30412
tt,partial,505,correct,0.5336717,0.5567293,1.263192,0.03110518,0.5260615,0.5475997,0.04034436,1.215237,-7.08204e-14,127.47672
tt,partial,606,correct,0.5355617,0.5571461,1.24938,0.03043946,0.5278624,0.5481018,0.02851905,1.32663,-6.98554e-14,125.73972
tt,partial,707,correct,0.5353057,0.5573648,1.249643,0.03115044,0.5276804,0.5482728,0.02791821,1.353078,-7.10163e-14,127.82934
tt,partial,808,correct,0.5353515,0.556846,1.174447,0.03854095,0.5278102,0.5475188,0.02694777,1.377832,-6.98102e-14,125.65836
ss,partial,505,correct,0.5302465,0.5581152,1.169127,0.2944252,0.5229954,0.5486891,0.1034579,1.264082,-7.32106e-14,131.77908
ss,partial,606,correct,0.5259874,0.5577746,1.260903,0.1113095,0.5184826,0.5484387,0.09593407,1.307583,-7.35797e-14,132.44346
ss,partial,707,correct,0.5260064,0.557677,1.251108,0.1265881,0.5186388,0.5483446,0.2710759,1.205022,-7.42108e-14,133.57944
ss,partial,808,correct,0.524249,0.558719,1.284705,0.09233217,0.5166188,0.5493347,0.1745942,1.232192,-7.35443e-14,132.37974
